BorCode,WardName,WardCode,WardType,Assault_09_11
00AA,Aldersgate,00AAFA,Prospering Metropolitan,10
00AA,Aldgate,00AAFB,Prospering Metropolitan,0
00AA,Bassishaw,00AAFC,Prospering Metropolitan,0
00AA,Billingsgate,00AAFD,Prospering Metropolitan,0
00AA,Bishopsgate,00AAFE,Prospering Metropolitan,188
00AA,Bread Street,00AAFF,Prospering Metropolitan,0
00AA,Bridge & Bridge Without,00AAFG,Prospering Metropolitan,0
00AA,Broad Street,00AAFH,Prospering Metropolitan,0
00AA,Candlewick,00AAFJ,Prospering Metropolitan,0
00AA,Castle Baynard,00AAFK,Prospering Metropolitan,0
00AA,Cheap,00AAFL,Prospering Metropolitan,0
00AA,Coleman Street,00AAFM,Prospering Metropolitan,0
00AA,Cordwainer,00AAFN,Prospering Metropolitan,0
00AA,Cornhill,00AAFP,Prospering Metropolitan,0
00AA,Cripplegate,00AAFQ,Prospering Metropolitan,18
00AA,Dowgate,00AAFR,Prospering Metropolitan,0
00AA,Farringdon Within,00AAFS,Prospering Metropolitan,22
00AA,Farringdon Without,00AAFT,Prospering Metropolitan,63
00AA,Langbourn,00AAFU,Prospering Metropolitan,0
00AA,Lime Street,00AAFW,Prospering Metropolitan,0
00AA,Portsoken,00AAFX,Multicultural Metropolitan,50
00AA,Queenhithe,00AAFY,Multicultural Metropolitan,21
00AA,Tower,00AAFZ,Multicultural Metropolitan,28
00AA,Vintry,00AAGA,Multicultural Metropolitan,0
00AA,Walbrook,00AAGB,Multicultural Metropolitan,53
00AB,Abbey,00ABFX,Multicultural Metropolitan,374
00AB,Alibon,00ABFY,Traditional Manufacturing,155
00AB,Becontree,00ABFZ,Suburbs and Small Towns,144
00AB,Chadwell Heath,00ABGA,Suburbs and Small Towns,119
00AB,Eastbrook,00ABGB,Suburbs and Small Towns,128
00AB,Eastbury,00ABGC,Suburbs and Small Towns,161
00AB,Gascoigne,00ABGD,Multicultural Metropolitan,153
00AB,Goresbrook,00ABGE,Traditional Manufacturing,130
00AB,Heath,00ABGF,Traditional Manufacturing,193
00AB,Longbridge,00ABGG,Suburbs and Small Towns,114
00AB,Mayesbrook,00ABGH,Traditional Manufacturing,151
00AB,Parsloes,00ABGJ,Traditional Manufacturing,125
00AB,River,00ABGK,Industrial Hinterlands,128
00AB,Thames,00ABGL,Traditional Manufacturing,213
00AB,Valence,00ABGM,Traditional Manufacturing,105
00AB,Village,00ABGN,Suburbs and Small Towns,196
00AB,Whalebone,00ABGP,Suburbs and Small Towns,140
00AC,Brunswick Park,00ACFX,Suburbs and Small Towns,102
00AC,Burnt Oak,00ACFY,Multicultural Metropolitan,237
00AC,Childs Hill,00ACFZ,Prospering Metropolitan,283
00AC,Colindale,00ACGA,Multicultural Metropolitan,253
00AC,Coppetts,00ACGB,Prospering Metropolitan,178
00AC,East Barnet,00ACGC,Suburbs and Small Towns,125
00AC,East Finchley,00ACGD,Prospering Metropolitan,138
00AC,Edgware,00ACGE,Suburbs and Small Towns,200
00AC,Finchley Church End,00ACGF,Prospering Metropolitan,94
00AC,Garden Suburb,00ACGG,Prospering Metropolitan,66
00AC,Golders Green,00ACGH,Suburbs and Small Towns,175
00AC,Hale,00ACGJ,Suburbs and Small Towns,109
00AC,Hendon,00ACGK,Prospering Metropolitan,164
00AC,High Barnet,00ACGL,Suburbs and Small Towns,119
00AC,Mill Hill,00ACGM,Suburbs and Small Towns,146
00AC,Oakleigh,00ACGN,Suburbs and Small Towns,107
00AC,Totteridge,00ACGP,Suburbs and Small Towns,87
00AC,Underhill,00ACGQ,Suburbs and Small Towns,138
00AC,West Finchley,00ACGR,Prospering Metropolitan,150
00AC,West Hendon,00ACGS,Multicultural Metropolitan,205
00AC,Woodhouse,00ACGT,Suburbs and Small Towns,172
00AD,Barnehurst,00ADGA,Suburbs and Small Towns,80
00AD,Belvedere,00ADGB,Suburbs and Small Towns,144
00AD,Blackfen and Lamorbey,00ADGC,Suburbs and Small Towns,44
00AD,Blendon and Penhill,00ADGD,Suburbs and Small Towns,48
00AD,Brampton,00ADGE,Suburbs and Small Towns,28
00AD,Christchurch,00ADGF,Suburbs and Small Towns,175
00AD,Colyers,00ADGG,Suburbs and Small Towns,130
00AD,Cray Meadows,00ADGJ,Suburbs and Small Towns,59
00AD,Crayford,00ADGH,Suburbs and Small Towns,108
00AD,Danson Park,00ADGK,Suburbs and Small Towns,83
00AD,East Wickham,00ADGL,Suburbs and Small Towns,105
00AD,Erith,00ADGM,Suburbs and Small Towns,182
00AD,Falconwood and Welling,00ADGN,Suburbs and Small Towns,67
00AD,Lesnes Abbey,00ADGP,Suburbs and Small Towns,114
00AD,Longlands,00ADGQ,Suburbs and Small Towns,74
00AD,North End,00ADGR,Industrial Hinterlands,221
00AD,Northumberland Heath,00ADGS,Suburbs and Small Towns,71
00AD,Sidcup,00ADGW,Suburbs and Small Towns,82
00AD,St Mary's,00ADGT,Suburbs and Small Towns,45
00AD,St Michael's,00ADGU,Suburbs and Small Towns,66
00AD,Thamesmead East,00ADGX,Multicultural Metropolitan,194
00AE,Alperton,00AEGJ,Multicultural Metropolitan,161
00AE,Barnhill,00AEGK,Multicultural Metropolitan,143
00AE,Brondesbury Park,00AEGL,Prospering Metropolitan,123
00AE,Dollis Hill,00AEGM,Multicultural Metropolitan,133
00AE,Dudden Hill,00AEGN,Multicultural Metropolitan,213
00AE,Fryent,00AEGP,Multicultural Metropolitan,146
00AE,Harlesden,00AEGQ,Multicultural Metropolitan,371
00AE,Kensal Green,00AEGR,Multicultural Metropolitan,251
00AE,Kenton,00AEGS,Suburbs and Small Towns,76
00AE,Kilburn,00AEGT,Multicultural Metropolitan,258
00AE,Mapesbury,00AEGU,Prospering Metropolitan,210
00AE,Northwick Park,00AEGW,Suburbs and Small Towns,86
00AE,Preston,00AEGX,Multicultural Metropolitan,121
00AE,Queens Park,00AEGY,Prospering Metropolitan,212
00AE,Queensbury,00AEGZ,Multicultural Metropolitan,129
00AE,Stonebridge,00AEHA,Multicultural Metropolitan,371
00AE,Sudbury,00AEHB,Multicultural Metropolitan,143
00AE,Tokyngton,00AEHC,Multicultural Metropolitan,210
00AE,Welsh Harp,00AEHD,Multicultural Metropolitan,185
00AE,Wembley Central,00AEHE,Multicultural Metropolitan,352
00AE,Willesden Green,00AEHF,Multicultural Metropolitan,292
00AF,Bickley,00AFGD,Suburbs and Small Towns,54
00AF,Biggin Hill,00AFGE,Suburbs and Small Towns,51
00AF,Bromley Common and Keston,00AFGF,Suburbs and Small Towns,87
00AF,Bromley Town,00AFGG,Suburbs and Small Towns,315
00AF,Chelsfield and Pratts Bottom,00AFGH,Suburbs and Small Towns,43
00AF,Chislehurst,00AFGJ,Suburbs and Small Towns,133
00AF,Clock House,00AFGK,Suburbs and Small Towns,120
00AF,Copers Cope,00AFGL,Prospering Metropolitan,132
00AF,Cray Valley East,00AFGM,Suburbs and Small Towns,180
00AF,Cray Valley West,00AFGN,Suburbs and Small Towns,186
00AF,Crystal Palace,00AFGP,Multicultural Metropolitan,260
00AF,Darwin,00AFGQ,Accessible Countryside,25
00AF,Farnborough and Crofton,00AFGR,Suburbs and Small Towns,76
00AF,Hayes and Coney Hall,00AFGS,Suburbs and Small Towns,52
00AF,Kelsey and Eden Park,00AFGT,Suburbs and Small Towns,109
00AF,Mottingham and Chislehurst North,00AFGU,Suburbs and Small Towns,105
00AF,Orpington,00AFGW,Suburbs and Small Towns,132
00AF,Penge and Cator,00AFGX,Multicultural Metropolitan,273
00AF,Petts Wood and Knoll,00AFGY,Suburbs and Small Towns,57
00AF,Plaistow and Sundridge,00AFGZ,Suburbs and Small Towns,194
00AF,Shortlands,00AFHA,Suburbs and Small Towns,19
00AF,West Wickham,00AFHB,Suburbs and Small Towns,51
00AG,Belsize,00AGGD,Prospering Metropolitan,91
00AG,Bloomsbury,00AGGE,Prospering Metropolitan,315
00AG,Camden Town with Primrose Hill,00AGGF,Prospering Metropolitan,535
00AG,Cantelowes,00AGGG,Multicultural Metropolitan,238
00AG,Fortune Green,00AGGH,Prospering Metropolitan,106
00AG,Frognal and Fitzjohns,00AGGJ,Prospering Metropolitan,77
00AG,Gospel Oak,00AGGK,Multicultural Metropolitan,125
00AG,Hampstead Town,00AGGL,Prospering Metropolitan,80
00AG,Haverstock,00AGGM,Multicultural Metropolitan,208
00AG,Highgate,00AGGN,Prospering Metropolitan,117
00AG,Holborn and Covent Garden,00AGGP,Prospering Metropolitan,542
00AG,Kentish Town,00AGGQ,Multicultural Metropolitan,267
00AG,Kilburn,00AGGR,Multicultural Metropolitan,290
00AG,King's Cross,00AGGS,Multicultural Metropolitan,213
00AG,Regent's Park,00AGGT,Multicultural Metropolitan,339
00AG,St Pancras and Somers Town,00AGGU,Multicultural Metropolitan,341
00AG,Swiss Cottage,00AGGW,Prospering Metropolitan,116
00AG,West Hampstead,00AGGX,Prospering Metropolitan,137
00AH,Addiscombe,00AHGE,Prospering Metropolitan,194
00AH,Ashburton,00AHGF,Suburbs and Small Towns,146
00AH,Bensham Manor,00AHGG,Multicultural Metropolitan,260
00AH,Broad Green,00AHGH,Multicultural Metropolitan,473
00AH,Coulsdon East,00AHGJ,Suburbs and Small Towns,55
00AH,Coulsdon West,00AHGK,Suburbs and Small Towns,79
00AH,Croham,00AHGL,Prospering Metropolitan,145
00AH,Fairfield,00AHGM,Prospering Metropolitan,765
00AH,Fieldway,00AHGN,Traditional Manufacturing,157
00AH,Heathfield,00AHGP,Suburbs and Small Towns,122
00AH,Kenley,00AHGQ,Suburbs and Small Towns,67
00AH,New Addington,00AHGR,Industrial Hinterlands,128
00AH,Norbury,00AHGS,Suburbs and Small Towns,201
00AH,Purley,00AHGT,Suburbs and Small Towns,125
00AH,Sanderstead,00AHGU,Suburbs and Small Towns,54
00AH,Selhurst,00AHGW,Multicultural Metropolitan,361
00AH,Selsdon and Ballards,00AHGX,Suburbs and Small Towns,48
00AH,Shirley,00AHGY,Suburbs and Small Towns,114
00AH,South Norwood,00AHGZ,Multicultural Metropolitan,331
00AH,Thornton Heath,00AHHA,Multicultural Metropolitan,334
00AH,Upper Norwood,00AHHB,Suburbs and Small Towns,247
00AH,Waddon,00AHHC,Suburbs and Small Towns,243
00AH,West Thornton,00AHHD,Multicultural Metropolitan,293
00AH,Woodside,00AHHE,Multicultural Metropolitan,258
00AJ,Acton Central,00AJGC,Prospering Metropolitan,229
00AJ,Cleveland,00AJGD,Prospering Metropolitan,113
00AJ,Dormers Wells,00AJGE,Multicultural Metropolitan,260
00AJ,Ealing Broadway,00AJGF,Prospering Metropolitan,258
00AJ,Ealing Common,00AJGG,Prospering Metropolitan,125
00AJ,East Acton,00AJGH,Multicultural Metropolitan,253
00AJ,Elthorne,00AJGJ,Prospering Metropolitan,238
00AJ,Greenford Broadway,00AJGK,Suburbs and Small Towns,236
00AJ,Greenford Green,00AJGL,Suburbs and Small Towns,148
00AJ,Hanger Hill,00AJGM,Prospering Metropolitan,110
00AJ,Hobbayne,00AJGN,Suburbs and Small Towns,144
00AJ,Lady Margaret,00AJGP,Multicultural Metropolitan,167
00AJ,North Greenford,00AJGR,Multicultural Metropolitan,79
00AJ,Northfield,00AJGQ,Prospering Metropolitan,104
00AJ,Northolt Mandeville,00AJGS,Suburbs and Small Towns,160
00AJ,Northolt West End,00AJGT,Suburbs and Small Towns,215
00AJ,Norwood Green,00AJGU,Multicultural Metropolitan,237
00AJ,Perivale,00AJGW,Multicultural Metropolitan,112
00AJ,South Acton,00AJGX,Multicultural Metropolitan,366
00AJ,Southall Broadway,00AJGY,Multicultural Metropolitan,328
00AJ,Southall Green,00AJGZ,Multicultural Metropolitan,339
00AJ,Southfield,00AJHA,Prospering Metropolitan,69
00AJ,Walpole,00AJHB,Prospering Metropolitan,146
00AK,Bowes,00AKGL,Prospering Metropolitan,131
00AK,Bush Hill Park,00AKGM,Suburbs and Small Towns,78
00AK,Chase,00AKGN,Suburbs and Small Towns,117
00AK,Cockfosters,00AKGP,Suburbs and Small Towns,89
00AK,Edmonton Green,00AKGQ,Multicultural Metropolitan,435
00AK,Enfield Highway,00AKGR,Suburbs and Small Towns,255
00AK,Enfield Lock,00AKGS,Suburbs and Small Towns,208
00AK,Grange,00AKGT,Suburbs and Small Towns,98
00AK,Haselbury,00AKGU,Multicultural Metropolitan,208
00AK,Highlands,00AKGW,Suburbs and Small Towns,64
00AK,Jubilee,00AKGX,Suburbs and Small Towns,138
00AK,Lower Edmonton,00AKGY,Multicultural Metropolitan,209
00AK,Palmers Green,00AKGZ,Suburbs and Small Towns,166
00AK,Ponders End,00AKHA,Multicultural Metropolitan,283
00AK,Southbury,00AKHB,Suburbs and Small Towns,259
00AK,Southgate,00AKHC,Suburbs and Small Towns,124
00AK,Southgate Green,00AKHD,Suburbs and Small Towns,120
00AK,Town,00AKHE,Suburbs and Small Towns,143
00AK,Turkey Street,00AKHF,Suburbs and Small Towns,212
00AK,Upper Edmonton,00AKHG,Multicultural Metropolitan,321
00AK,Winchmore Hill,00AKHH,Suburbs and Small Towns,86
00AL,Abbey Wood,00ALGP,Traditional Manufacturing,243
00AL,Blackheath Westcombe,00ALGQ,Prospering Metropolitan,130
00AL,Charlton,00ALGR,Multicultural Metropolitan,181
00AL,Coldharbour and New Eltham,00ALGS,Suburbs and Small Towns,116
00AL,Eltham North,00ALGT,Suburbs and Small Towns,102
00AL,Eltham South,00ALGU,Suburbs and Small Towns,185
00AL,Eltham West,00ALGW,Traditional Manufacturing,132
00AL,Glyndon,00ALGX,Multicultural Metropolitan,319
00AL,Greenwich West,00ALGY,Prospering Metropolitan,355
00AL,Kidbrooke with Hornfair,00ALGZ,Suburbs and Small Towns,155
00AL,Middle Park and Sutcliffe,00ALHA,Suburbs and Small Towns,172
00AL,Peninsula,00ALHB,Multicultural Metropolitan,315
00AL,Plumstead,00ALHC,Multicultural Metropolitan,300
00AL,Shooters Hill,00ALHD,Suburbs and Small Towns,144
00AL,Thamesmead Moorings,00ALHE,Multicultural Metropolitan,272
00AL,Woolwich Common,00ALHF,Multicultural Metropolitan,429
00AL,Woolwich Riverside,00ALHG,Multicultural Metropolitan,484
00AM,Brownswood,00AMGA,Multicultural Metropolitan,176
00AM,Cazenove,00AMGB,Multicultural Metropolitan,110
00AM,Chatham,00AMGC,Multicultural Metropolitan,284
00AM,Clissold,00AMGD,Multicultural Metropolitan,157
00AM,Dalston,00AMGE,Multicultural Metropolitan,273
00AM,De Beauvoir,00AMGF,Multicultural Metropolitan,214
00AM,Hackney Central,00AMGG,Multicultural Metropolitan,233
00AM,Hackney Downs,00AMGH,Multicultural Metropolitan,183
00AM,Haggerston,00AMGJ,Multicultural Metropolitan,407
00AM,Hoxton,00AMGK,Multicultural Metropolitan,264
00AM,King's Park,00AMGL,Multicultural Metropolitan,138
00AM,Leabridge,00AMGM,Multicultural Metropolitan,206
00AM,Lordship,00AMGN,Multicultural Metropolitan,98
00AM,New River,00AMGP,Multicultural Metropolitan,206
00AM,Queensbridge,00AMGQ,Multicultural Metropolitan,196
00AM,Springfield,00AMGR,Multicultural Metropolitan,135
00AM,Stoke Newington Central,00AMGS,Multicultural Metropolitan,288
00AM,Victoria,00AMGT,Multicultural Metropolitan,220
00AM,Wick,00AMGU,Multicultural Metropolitan,185
00AN,Addison,00ANGA,Prospering Metropolitan,158
00AN,Askew,00ANGB,Prospering Metropolitan,193
00AN,Avonmore and Brook Green,00ANGC,Prospering Metropolitan,125
00AN,College Park and Old Oak,00ANGD,Multicultural Metropolitan,178
00AN,Fulham Broadway,00ANGE,Prospering Metropolitan,194
00AN,Fulham Reach,00ANGF,Prospering Metropolitan,101
00AN,Hammersmith Broadway,00ANGG,Multicultural Metropolitan,352
00AN,Munster,00ANGH,Prospering Metropolitan,74
00AN,North End,00ANGJ,Prospering Metropolitan,145
00AN,Palace Riverside,00ANGK,Prospering Metropolitan,51
00AN,Parsons Green and Walham,00ANGL,Prospering Metropolitan,154
00AN,Ravenscourt Park,00ANGM,Prospering Metropolitan,191
00AN,Sands End,00ANGN,Prospering Metropolitan,119
00AN,Shepherd's Bush Green,00ANGP,Prospering Metropolitan,464
00AN,Town,00ANGQ,Prospering Metropolitan,142
00AN,Wormholt and White City,00ANGR,Multicultural Metropolitan,195
00AP,Alexandra,00APGA,Prospering Metropolitan,75
00AP,Bounds Green,00APGB,Multicultural Metropolitan,235
00AP,Bruce Grove,00APGC,Multicultural Metropolitan,272
00AP,Crouch End,00APGD,Prospering Metropolitan,121
00AP,Fortis Green,00APGE,Prospering Metropolitan,96
00AP,Harringay,00APGF,Prospering Metropolitan,278
00AP,Highgate,00APGG,Prospering Metropolitan,47
00AP,Hornsey,00APGH,Multicultural Metropolitan,195
00AP,Muswell Hill,00APGJ,Prospering Metropolitan,108
00AP,Noel Park,00APGK,Multicultural Metropolitan,369
00AP,Northumberland Park,00APGL,Multicultural Metropolitan,409
00AP,Seven Sisters,00APGN,Multicultural Metropolitan,222
00AP,St Ann's,00APGM,Multicultural Metropolitan,318
00AP,Stroud Green,00APGP,Prospering Metropolitan,102
00AP,Tottenham Green,00APGQ,Multicultural Metropolitan,467
00AP,Tottenham Hale,00APGR,Multicultural Metropolitan,342
00AP,West Green,00APGS,Multicultural Metropolitan,265
00AP,White Hart Lane,00APGT,Multicultural Metropolitan,231
00AP,Woodside,00APGU,Multicultural Metropolitan,334
00AQ,Belmont,00AQFY,Suburbs and Small Towns,64
00AQ,Canons,00AQFZ,Suburbs and Small Towns,77
00AQ,Edgware,00AQGA,Multicultural Metropolitan,114
00AQ,Greenhill,00AQGB,Prospering Metropolitan,257
00AQ,Harrow on the Hill,00AQGC,Suburbs and Small Towns,139
00AQ,Harrow Weald,00AQGD,Suburbs and Small Towns,113
00AQ,Hatch End,00AQGE,Suburbs and Small Towns,41
00AQ,Headstone North,00AQGF,Suburbs and Small Towns,49
00AQ,Headstone South,00AQGG,Suburbs and Small Towns,76
00AQ,Kenton East,00AQGH,Multicultural Metropolitan,57
00AQ,Kenton West,00AQGJ,Multicultural Metropolitan,56
00AQ,Marlborough,00AQGK,Suburbs and Small Towns,152
00AQ,Pinner,00AQGL,Suburbs and Small Towns,50
00AQ,Pinner South,00AQGM,Suburbs and Small Towns,36
00AQ,Queensbury,00AQGN,Multicultural Metropolitan,82
00AQ,Rayners Lane,00AQGP,Suburbs and Small Towns,42
00AQ,Roxbourne,00AQGQ,Multicultural Metropolitan,115
00AQ,Roxeth,00AQGR,Multicultural Metropolitan,77
00AQ,Stanmore Park,00AQGS,Suburbs and Small Towns,85
00AQ,Wealdstone,00AQGT,Suburbs and Small Towns,132
00AQ,West Harrow,00AQGU,Suburbs and Small Towns,69
00AR,Brooklands,00ARGC,Suburbs and Small Towns,162
00AR,Cranham,00ARGD,Suburbs and Small Towns,34
00AR,Elm Park,00ARGE,Suburbs and Small Towns,89
00AR,Emerson Park,00ARGF,Suburbs and Small Towns,30
00AR,Gooshays,00ARGG,Industrial Hinterlands,194
00AR,Hacton,00ARGH,Suburbs and Small Towns,42
00AR,Harold Wood,00ARGJ,Suburbs and Small Towns,103
00AR,Havering Park,00ARGK,Suburbs and Small Towns,85
00AR,Heaton,00ARGL,Traditional Manufacturing,142
00AR,Hylands,00ARGM,Suburbs and Small Towns,61
00AR,Mawneys,00ARGN,Suburbs and Small Towns,72
00AR,Pettits,00ARGP,Suburbs and Small Towns,46
00AR,Rainham and Wennington,00ARGQ,Suburbs and Small Towns,105
00AR,Romford Town,00ARGR,Suburbs and Small Towns,579
00AR,South Hornchurch,00ARGT,Suburbs and Small Towns,87
00AR,Squirrel's Heath,00ARGU,Suburbs and Small Towns,71
00AR,St Andrew's,00ARGS,Suburbs and Small Towns,100
00AR,Upminster,00ARGW,Suburbs and Small Towns,47
00AS,Barnhill,00ASGG,Multicultural Metropolitan,216
00AS,Botwell,00ASGH,Suburbs and Small Towns,257
00AS,Brunel,00ASGJ,Suburbs and Small Towns,170
00AS,Cavendish,00ASGK,Suburbs and Small Towns,107
00AS,Charville,00ASGL,Suburbs and Small Towns,127
00AS,Eastcote and East Ruislip,00ASGM,Suburbs and Small Towns,69
00AS,Harefield,00ASGN,Suburbs and Small Towns,71
00AS,Heathrow Villages,00ASGP,Suburbs and Small Towns,315
00AS,Hillingdon East,00ASGQ,Suburbs and Small Towns,117
00AS,Ickenham,00ASGR,Suburbs and Small Towns,44
00AS,Manor,00ASGS,Suburbs and Small Towns,66
00AS,Northwood,00ASGT,Suburbs and Small Towns,57
00AS,Northwood Hills,00ASGU,Suburbs and Small Towns,75
00AS,Pinkwell,00ASGW,Multicultural Metropolitan,171
00AS,South Ruislip,00ASGX,Suburbs and Small Towns,105
00AS,Townfield,00ASGY,Multicultural Metropolitan,300
00AS,Uxbridge North,00ASGZ,Suburbs and Small Towns,224
00AS,Uxbridge South,00ASHA,Student Communities,232
00AS,West Drayton,00ASHB,Suburbs and Small Towns,164
00AS,West Ruislip,00ASHC,Suburbs and Small Towns,81
00AS,Yeading,00ASHD,Multicultural Metropolitan,217
00AS,Yiewsley,00ASHE,Suburbs and Small Towns,155
00AT,Bedfont,00ATFY,Suburbs and Small Towns,119
00AT,Brentford,00ATFZ,Multicultural Metropolitan,165
00AT,Chiswick Homefields,00ATGA,Prospering Metropolitan,87
00AT,Chiswick Riverside,00ATGB,Prospering Metropolitan,75
00AT,Cranford,00ATGC,Multicultural Metropolitan,148
00AT,Feltham North,00ATGD,Suburbs and Small Towns,152
00AT,Feltham West,00ATGE,Industrial Hinterlands,169
00AT,Hanworth,00ATGF,Industrial Hinterlands,139
00AT,Hanworth Park,00ATGG,Suburbs and Small Towns,184
00AT,Heston Central,00ATGH,Multicultural Metropolitan,197
00AT,Heston East,00ATGJ,Multicultural Metropolitan,124
00AT,Heston West,00ATGK,Multicultural Metropolitan,162
00AT,Hounslow Central,00ATGL,Multicultural Metropolitan,437
00AT,Hounslow Heath,00ATGM,Multicultural Metropolitan,281
00AT,Hounslow South,00ATGN,Suburbs and Small Towns,79
00AT,Hounslow West,00ATGP,Multicultural Metropolitan,192
00AT,Isleworth,00ATGQ,Suburbs and Small Towns,122
00AT,Osterley and Spring Grove,00ATGR,Suburbs and Small Towns,91
00AT,Syon,00ATGS,Suburbs and Small Towns,153
00AT,Turnham Green,00ATGT,Prospering Metropolitan,99
00AU,Barnsbury,00AUFX,Prospering Metropolitan,258
00AU,Bunhill,00AUFY,Multicultural Metropolitan,325
00AU,Caledonian,00AUFZ,Multicultural Metropolitan,283
00AU,Canonbury,00AUGA,Multicultural Metropolitan,150
00AU,Clerkenwell,00AUGB,Prospering Metropolitan,240
00AU,Finsbury Park,00AUGC,Multicultural Metropolitan,437
00AU,Highbury East,00AUGD,Prospering Metropolitan,122
00AU,Highbury West,00AUGE,Multicultural Metropolitan,196
00AU,Hillrise,00AUGF,Multicultural Metropolitan,129
00AU,Holloway,00AUGG,Multicultural Metropolitan,251
00AU,Junction,00AUGH,Multicultural Metropolitan,195
00AU,Mildmay,00AUGJ,Multicultural Metropolitan,184
00AU,St George's,00AUGK,Multicultural Metropolitan,201
00AU,St Mary's,00AUGL,Prospering Metropolitan,295
00AU,St Peter's,00AUGM,Prospering Metropolitan,192
00AU,Tollington,00AUGN,Multicultural Metropolitan,229
00AW,Abingdon,00AWFY,Prospering Metropolitan,55
00AW,Brompton,00AWFZ,Prospering Metropolitan,97
00AW,Campden,00AWGA,Prospering Metropolitan,65
00AW,Colville,00AWGB,Multicultural Metropolitan,158
00AW,Courtfield,00AWGC,Prospering Metropolitan,56
00AW,Cremorne,00AWGD,Prospering Metropolitan,77
00AW,Earl's Court,00AWGE,Prospering Metropolitan,111
00AW,Golborne,00AWGF,Multicultural Metropolitan,198
00AW,Hans Town,00AWGG,Prospering Metropolitan,64
00AW,Holland,00AWGH,Prospering Metropolitan,69
00AW,Norland,00AWGJ,Prospering Metropolitan,93
00AW,Notting Barns,00AWGK,Multicultural Metropolitan,131
00AW,Pembridge,00AWGL,Prospering Metropolitan,109
00AW,Queen's Gate,00AWGM,Prospering Metropolitan,77
00AW,Redcliffe,00AWGN,Prospering Metropolitan,76
00AW,Royal Hospital,00AWGP,Prospering Metropolitan,58
00AW,St Charles,00AWGQ,Multicultural Metropolitan,156
00AW,Stanley,00AWGR,Prospering Metropolitan,84
00AX,Alexandra,00AXFX,Suburbs and Small Towns,42
00AX,Berrylands,00AXFY,Prospering Metropolitan,93
00AX,Beverley,00AXFZ,Suburbs and Small Towns,113
00AX,Canbury,00AXGA,Prospering Metropolitan,83
00AX,Chessington North and Hook,00AXGB,Suburbs and Small Towns,60
00AX,Chessington South,00AXGC,Suburbs and Small Towns,62
00AX,Coombe Hill,00AXGD,Suburbs and Small Towns,51
00AX,Coombe Vale,00AXGE,Suburbs and Small Towns,29
00AX,Grove,00AXGF,Prospering Metropolitan,502
00AX,Norbiton,00AXGG,Suburbs and Small Towns,142
00AX,Old Malden,00AXGH,Suburbs and Small Towns,80
00AX,St James,00AXGJ,Suburbs and Small Towns,49
00AX,St Mark's,00AXGK,Prospering Metropolitan,97
00AX,Surbiton Hill,00AXGL,Prospering Metropolitan,57
00AX,Tolworth and Hook Rise,00AXGM,Suburbs and Small Towns,73
00AX,Tudor,00AXGN,Suburbs and Small Towns,51
00AY,Bishop's,00AYFZ,Multicultural Metropolitan,405
00AY,Brixton Hill,00AYGA,Multicultural Metropolitan,278
00AY,Clapham Common,00AYGB,Prospering Metropolitan,148
00AY,Clapham Town,00AYGC,Prospering Metropolitan,458
00AY,Coldharbour,00AYGD,Multicultural Metropolitan,602
00AY,Ferndale,00AYGE,Multicultural Metropolitan,305
00AY,Gipsy Hill,00AYGF,Multicultural Metropolitan,245
00AY,Herne Hill,00AYGG,Multicultural Metropolitan,271
00AY,Knight's Hill,00AYGH,Multicultural Metropolitan,245
00AY,Larkhall,00AYGJ,Multicultural Metropolitan,296
00AY,Oval,00AYGK,Multicultural Metropolitan,376
00AY,Prince's,00AYGL,Multicultural Metropolitan,306
00AY,St Leonard's,00AYGM,Prospering Metropolitan,347
00AY,Stockwell,00AYGN,Multicultural Metropolitan,251
00AY,Streatham Hill,00AYGP,Prospering Metropolitan,210
00AY,Streatham South,00AYGQ,Multicultural Metropolitan,202
00AY,Streatham Wells,00AYGR,Prospering Metropolitan,199
00AY,Thornton,00AYGS,Multicultural Metropolitan,141
00AY,Thurlow Park,00AYGT,Prospering Metropolitan,184
00AY,Tulse Hill,00AYGU,Multicultural Metropolitan,358
00AY,Vassall,00AYGW,Multicultural Metropolitan,302
00AZ,Bellingham,00AZGD,Multicultural Metropolitan,279
00AZ,Blackheath,00AZGE,Prospering Metropolitan,274
00AZ,Brockley,00AZGF,Multicultural Metropolitan,313
00AZ,Catford South,00AZGG,Suburbs and Small Towns,156
00AZ,Crofton Park,00AZGH,Multicultural Metropolitan,170
00AZ,Downham,00AZGJ,Traditional Manufacturing,252
00AZ,Evelyn,00AZGK,Multicultural Metropolitan,297
00AZ,Forest Hill,00AZGL,Multicultural Metropolitan,222
00AZ,Grove Park,00AZGM,Suburbs and Small Towns,165
00AZ,Ladywell,00AZGN,Multicultural Metropolitan,181
00AZ,Lee Green,00AZGP,Prospering Metropolitan,153
00AZ,Lewisham Central,00AZGQ,Multicultural Metropolitan,482
00AZ,New Cross,00AZGR,Multicultural Metropolitan,442
00AZ,Perry Vale,00AZGS,Multicultural Metropolitan,203
00AZ,Rushey Green,00AZGT,Multicultural Metropolitan,429
00AZ,Sydenham,00AZGU,Multicultural Metropolitan,209
00AZ,Telegraph Hill,00AZGW,Multicultural Metropolitan,252
00AZ,Whitefoot,00AZGX,Suburbs and Small Towns,230
00BA,Abbey,00BAFX,Prospering Metropolitan,150
00BA,Cannon Hill,00BAFY,Suburbs and Small Towns,28
00BA,Colliers Wood,00BAFZ,Prospering Metropolitan,117
00BA,Cricket Green,00BAGA,Multicultural Metropolitan,248
00BA,Dundonald,00BAGB,Prospering Metropolitan,78
00BA,Figge's Marsh,00BAGC,Multicultural Metropolitan,201
00BA,Graveney,00BAGD,Multicultural Metropolitan,126
00BA,Hillside,00BAGE,Prospering Metropolitan,41
00BA,Lavender Fields,00BAGF,Multicultural Metropolitan,108
00BA,Longthornton,00BAGG,Suburbs and Small Towns,87
00BA,Lower Morden,00BAGH,Suburbs and Small Towns,49
00BA,Merton Park,00BAGJ,Suburbs and Small Towns,89
00BA,Pollards Hill,00BAGK,Suburbs and Small Towns,163
00BA,Ravensbury,00BAGL,Suburbs and Small Towns,182
00BA,Raynes Park,00BAGM,Prospering Metropolitan,59
00BA,St Helier,00BAGN,Suburbs and Small Towns,114
00BA,Trinity,00BAGP,Prospering Metropolitan,204
00BA,Village,00BAGQ,Prospering Metropolitan,53
00BA,West Barnes,00BAGR,Suburbs and Small Towns,50
00BA,Wimbledon Park,00BAGS,Prospering Metropolitan,49
00BB,Beckton,00BBGB,Multicultural Metropolitan,285
00BB,Boleyn,00BBGC,Multicultural Metropolitan,251
00BB,Canning Town North,00BBGD,Multicultural Metropolitan,324
00BB,Canning Town South,00BBGE,Multicultural Metropolitan,294
00BB,Custom House,00BBGF,Multicultural Metropolitan,212
00BB,East Ham Central,00BBGG,Multicultural Metropolitan,378
00BB,East Ham North,00BBGH,Multicultural Metropolitan,227
00BB,East Ham South,00BBGJ,Multicultural Metropolitan,235
00BB,Forest Gate North,00BBGK,Multicultural Metropolitan,293
00BB,Forest Gate South,00BBGL,Multicultural Metropolitan,495
00BB,Green Street East,00BBGM,Multicultural Metropolitan,213
00BB,Green Street West,00BBGN,Multicultural Metropolitan,304
00BB,Little Ilford,00BBGP,Multicultural Metropolitan,291
00BB,Manor Park,00BBGQ,Multicultural Metropolitan,259
00BB,Plaistow North,00BBGR,Multicultural Metropolitan,266
00BB,Plaistow South,00BBGS,Multicultural Metropolitan,278
00BB,Royal Docks,00BBGT,Multicultural Metropolitan,146
00BB,Stratford and New Town,00BBGU,Multicultural Metropolitan,573
00BB,Wall End,00BBGW,Multicultural Metropolitan,225
00BB,West Ham,00BBGX,Multicultural Metropolitan,326
00BC,Aldborough,00BCFY,Suburbs and Small Towns,118
00BC,Barkingside,00BCFZ,Suburbs and Small Towns,102
00BC,Bridge,00BCGA,Suburbs and Small Towns,86
00BC,Chadwell,00BCGB,Suburbs and Small Towns,146
00BC,Church End,00BCGC,Suburbs and Small Towns,77
00BC,Clayhall,00BCGD,Suburbs and Small Towns,49
00BC,Clementswood,00BCGE,Multicultural Metropolitan,383
00BC,Cranbrook,00BCGF,Multicultural Metropolitan,169
00BC,Fairlop,00BCGG,Suburbs and Small Towns,97
00BC,Fullwell,00BCGH,Suburbs and Small Towns,98
00BC,Goodmayes,00BCGJ,Multicultural Metropolitan,161
00BC,Hainault,00BCGK,Suburbs and Small Towns,158
00BC,Loxford,00BCGL,Multicultural Metropolitan,292
00BC,Mayfield,00BCGM,Suburbs and Small Towns,88
00BC,Monkhams,00BCGN,Suburbs and Small Towns,57
00BC,Newbury,00BCGP,Multicultural Metropolitan,110
00BC,Roding,00BCGQ,Suburbs and Small Towns,109
00BC,Seven Kings,00BCGR,Multicultural Metropolitan,208
00BC,Snaresbrook,00BCGS,Prospering Metropolitan,64
00BC,Valentines,00BCGT,Multicultural Metropolitan,267
00BC,Wanstead,00BCGU,Suburbs and Small Towns,81
00BD,Barnes,00BDFW,Prospering Metropolitan,36
00BD,East Sheen,00BDFX,Suburbs and Small Towns,43
00BD,Fulwell and Hampton Hill,00BDFY,Student Communities,51
00BD,"Ham, Petersham and Richmond Riverside",00BDFZ,Student Communities,76
00BD,Hampton,00BDGA,Suburbs and Small Towns,48
00BD,Hampton North,00BDGB,Suburbs and Small Towns,65
00BD,Hampton Wick,00BDGC,Student Communities,63
00BD,Heathfield,00BDGD,Suburbs and Small Towns,89
00BD,Kew,00BDGE,Prospering Metropolitan,74
00BD,Mortlake and Barnes Common,00BDGF,Prospering Metropolitan,82
00BD,North Richmond,00BDGG,Prospering Metropolitan,78
00BD,South Richmond,00BDGJ,Prospering Metropolitan,142
00BD,South Twickenham,00BDGK,Student Communities,40
00BD,St Margarets and North Twickenham,00BDGH,Prospering Metropolitan,54
00BD,Teddington,00BDGL,Student Communities,64
00BD,Twickenham Riverside,00BDGM,Prospering Metropolitan,99
00BD,West Twickenham,00BDGN,Student Communities,65
00BD,Whitton,00BDGP,Suburbs and Small Towns,70
00BE,Brunswick Park,00BEGC,Multicultural Metropolitan,210
00BE,Camberwell Green,00BEGD,Multicultural Metropolitan,326
00BE,Cathedrals,00BEGE,Multicultural Metropolitan,457
00BE,Chaucer,00BEGF,Multicultural Metropolitan,306
00BE,College,00BEGG,Prospering Metropolitan,111
00BE,East Dulwich,00BEGH,Prospering Metropolitan,114
00BE,East Walworth,00BEGJ,Multicultural Metropolitan,303
00BE,Faraday,00BEGK,Multicultural Metropolitan,265
00BE,Grange,00BEGL,Multicultural Metropolitan,359
00BE,Livesey,00BEGM,Multicultural Metropolitan,365
00BE,Newington,00BEGN,Multicultural Metropolitan,339
00BE,Nunhead,00BEGP,Multicultural Metropolitan,254
00BE,Peckham,00BEGQ,Multicultural Metropolitan,350
00BE,Peckham Rye,00BEGR,Multicultural Metropolitan,135
00BE,Riverside,00BEGS,Prospering Metropolitan,244
00BE,Rotherhithe,00BEGT,Multicultural Metropolitan,209
00BE,South Bermondsey,00BEGU,Multicultural Metropolitan,259
00BE,South Camberwell,00BEGW,Multicultural Metropolitan,113
00BE,Surrey Docks,00BEGX,Prospering Metropolitan,107
00BE,The Lane,00BEGY,Multicultural Metropolitan,363
00BE,Village,00BEGZ,Suburbs and Small Towns,68
00BF,Beddington North,00BFGC,Suburbs and Small Towns,85
00BF,Beddington South,00BFGD,Suburbs and Small Towns,112
00BF,Belmont,00BFGE,Suburbs and Small Towns,56
00BF,Carshalton Central,00BFGF,Suburbs and Small Towns,80
00BF,Carshalton South and Clockhouse,00BFGG,Suburbs and Small Towns,46
00BF,Cheam,00BFGH,Suburbs and Small Towns,38
00BF,Nonsuch,00BFGJ,Suburbs and Small Towns,64
00BF,St Helier,00BFGK,Industrial Hinterlands,158
00BF,Stonecot,00BFGL,Suburbs and Small Towns,56
00BF,Sutton Central,00BFGM,Student Communities,329
00BF,Sutton North,00BFGN,Suburbs and Small Towns,89
00BF,Sutton South,00BFGP,Prospering Metropolitan,76
00BF,Sutton West,00BFGQ,Student Communities,55
00BF,The Wrythe,00BFGR,Suburbs and Small Towns,67
00BF,Wallington North,00BFGS,Suburbs and Small Towns,86
00BF,Wallington South,00BFGT,Suburbs and Small Towns,88
00BF,Wandle Valley,00BFGU,Industrial Hinterlands,138
00BF,Worcester Park,00BFGW,Suburbs and Small Towns,71
00BG,Bethnal Green North,00BGFW,Multicultural Metropolitan,226
00BG,Bethnal Green South,00BGFX,Multicultural Metropolitan,420
00BG,Blackwall and Cubitt Town,00BGFY,Prospering Metropolitan,200
00BG,Bow East,00BGFZ,Multicultural Metropolitan,170
00BG,Bow West,00BGGA,Multicultural Metropolitan,247
00BG,Bromley-by-Bow,00BGGB,Multicultural Metropolitan,220
00BG,East India and Lansbury,00BGGC,Multicultural Metropolitan,314
00BG,Limehouse,00BGGD,Multicultural Metropolitan,249
00BG,Mile End and Globe Town,00BGGE,Multicultural Metropolitan,270
00BG,Mile End East,00BGGF,Multicultural Metropolitan,268
00BG,Millwall,00BGGG,Prospering Metropolitan,233
00BG,Shadwell,00BGGK,Multicultural Metropolitan,222
00BG,Spitalfields and Banglatown,00BGGL,Multicultural Metropolitan,296
00BG,St Dunstan's and Stepney Green,00BGGH,Multicultural Metropolitan,234
00BG,St Katharine's and Wapping,00BGGJ,Prospering Metropolitan,127
00BG,Weavers,00BGGM,Multicultural Metropolitan,274
00BG,Whitechapel,00BGGN,Multicultural Metropolitan,274
00BH,Cann Hall,00BHFX,Multicultural Metropolitan,232
00BH,Cathall,00BHFY,Multicultural Metropolitan,190
00BH,Chapel End,00BHFZ,Suburbs and Small Towns,157
00BH,Chingford Green,00BHGA,Suburbs and Small Towns,100
00BH,Endlebury,00BHGB,Suburbs and Small Towns,70
00BH,Forest,00BHGC,Multicultural Metropolitan,190
00BH,Grove Green,00BHGD,Multicultural Metropolitan,194
00BH,Hale End and Highams Park,00BHGE,Suburbs and Small Towns,76
00BH,Hatch Lane,00BHGF,Suburbs and Small Towns,115
00BH,High Street,00BHGG,Multicultural Metropolitan,365
00BH,Higham Hill,00BHGH,Multicultural Metropolitan,149
00BH,Hoe Street,00BHGJ,Multicultural Metropolitan,232
00BH,Larkswood,00BHGK,Suburbs and Small Towns,131
00BH,Lea Bridge,00BHGL,Multicultural Metropolitan,247
00BH,Leyton,00BHGM,Multicultural Metropolitan,226
00BH,Leytonstone,00BHGN,Prospering Metropolitan,208
00BH,Markhouse,00BHGP,Multicultural Metropolitan,171
00BH,Valley,00BHGQ,Suburbs and Small Towns,108
00BH,William Morris,00BHGR,Multicultural Metropolitan,183
00BH,Wood Street,00BHGS,Multicultural Metropolitan,190
00BJ,Balham,00BJFZ,Prospering Metropolitan,127
00BJ,Bedford,00BJGA,Prospering Metropolitan,118
00BJ,Earlsfield,00BJGB,Prospering Metropolitan,163
00BJ,East Putney,00BJGC,Prospering Metropolitan,94
00BJ,Fairfield,00BJGD,Prospering Metropolitan,215
00BJ,Furzedown,00BJGE,Prospering Metropolitan,152
00BJ,Graveney,00BJGF,Prospering Metropolitan,253
00BJ,Latchmere,00BJGG,Multicultural Metropolitan,287
00BJ,Nightingale,00BJGH,Prospering Metropolitan,127
00BJ,Northcote,00BJGJ,Prospering Metropolitan,175
00BJ,Queenstown,00BJGK,Multicultural Metropolitan,245
00BJ,Roehampton,00BJGL,Multicultural Metropolitan,261
00BJ,Shaftesbury,00BJGN,Prospering Metropolitan,157
00BJ,Southfields,00BJGP,Prospering Metropolitan,134
00BJ,St Mary's Park,00BJGM,Prospering Metropolitan,198
00BJ,Thamesfield,00BJGQ,Prospering Metropolitan,153
00BJ,Tooting,00BJGR,Prospering Metropolitan,232
00BJ,Wandsworth Common,00BJGS,Prospering Metropolitan,132
00BJ,West Hill,00BJGT,Prospering Metropolitan,120
00BJ,West Putney,00BJGU,Prospering Metropolitan,145
00BK,Abbey Road,00BKGA,Prospering Metropolitan,74
00BK,Bayswater,00BKGB,Prospering Metropolitan,102
00BK,Bryanston and Dorset Square,00BKGC,Prospering Metropolitan,230
00BK,Church Street,00BKGE,Multicultural Metropolitan,195
00BK,Churchill,00BKGD,Multicultural Metropolitan,143
00BK,Harrow Road,00BKGF,Multicultural Metropolitan,161
00BK,Hyde Park,00BKGG,Prospering Metropolitan,182
00BK,Knightsbridge and Belgravia,00BKGH,Prospering Metropolitan,119
00BK,Lancaster Gate,00BKGJ,Prospering Metropolitan,181
00BK,Little Venice,00BKGK,Prospering Metropolitan,135
00BK,Maida Vale,00BKGL,Prospering Metropolitan,88
00BK,Marylebone High Street,00BKGM,Prospering Metropolitan,137
00BK,Queen's Park,00BKGN,Multicultural Metropolitan,193
00BK,Regent's Park,00BKGP,Prospering Metropolitan,110
00BK,St James's,00BKGQ,Prospering Metropolitan,1582
00BK,Tachbrook,00BKGR,Prospering Metropolitan,64
00BK,Vincent Square,00BKGS,Prospering Metropolitan,151
00BK,Warwick,00BKGT,Prospering Metropolitan,221
00BK,West End,00BKGW,Prospering Metropolitan,1305
00BK,Westbourne,00BKGU,Multicultural Metropolitan,234